dial,year,value,unit,source_class,source
primary_power,2024,1.877e13,W,MEASURED,"Energy Institute Statistical Review 2025: 592.2 EJ/yr, +1.8% (IEEJ analysis)"
primary_power,2023,1.844e13,W,MEASURED,"EI Statistical Review: 592.2 EJ 2024 = +11.9 EJ vs 2023 (581 EJ derived)"
launch_cost_leo,1981,54500,USD_per_kg,MEASURED,"Space Shuttle program average (commonly cited ~$54,500/kg)"
launch_cost_leo,2024,2600,USD_per_kg,MEASURED,"Falcon 9 public list pricing ~$2,600-2,700/kg (internal estimates $629-1,500)"
launch_cost_leo,2030,150,USD_per_kg,TARGET,"Starship stated target $100-200/kg — NOT yet achieved; verify annually [MEASURE]"
k1_target,-,1.0e16,W,CONVENTION,"K1 on the canonical scale (K = (log10 P - 6)/10); the real target is dispatchable watts, K is reporting"
scoreboard_S1,2026,1.8,pct_growth,MEASURED,"Primary energy growth 2024 = +1.8%/yr (EI 2025); acceleration thesis needs sustained >2.5% by 2040 (ACCELERATION.md S1)"
scoreboard_S2,2026,0,boolean,MEASURED,"Starship <$500/kg at commercial cadence (>100 flights/yr class): NOT achieved (target $100-200)"
scoreboard_S3,2026,0,boolean,MEASURED,"Net-electric fusion pilot connected: NOT achieved (SPARC/ITER in progress)"
scoreboard_S4,2026,0,boolean,MEASURED,"MW-class SSP demo billing power: NOT achieved (SSPD-1 2023 = first brick, small scale)"
brittleness_euv,2026,1.0,index,MEASURED-approx,"EUV lithography: single worldwide manufacturer (ASML) — verify on ingest"
brittleness_advanced_chips,2026,0.9,index,MEASURED-approx,"Advanced logic <10nm: Taiwan/TSMC ~90% (SIA/BCG heritage figures) — verify on ingest"
brittleness_launch,2026,0.85,index,MEASURED-approx,"Mass to orbit: SpaceX ~80-90% of global upmass 2023-24 — the program's own dial 2 depends on one company"
brittleness_internet_sats,2026,0.65,index,MEASURED-approx,"Active satellites: Starlink ~2/3 of constellation — single-owner exposure"
brittleness_compute,2026,0.7,index,MEASURED-approx,"Data-center cluster concentration (N. Virginia heritage figure ~70% of traffic) — verify on ingest"
